<application>
  <component name="MaterialThemeConfig">
    <option name="contrastMode" value="true" />
    <option name="premium" value="true" />
    <option name="isContrastMode" value="true" />
    <option name="isWizardShown" value="true" />
    <option name="pristineConfig" value="false" />
    <option name="accentColor" value="79cb60" />
    <option name="selectedTheme" value="GITHUB" />
    <option name="userId" value="-40a04c9d:17f31ca2322:-8000" />
    <option name="version" value="6.9.1" />
  </component>
</application>